{
  "1": {
    "paths": [
      {
        "start": {
          "left": -112,
          "top": 800
        },
        "end": {
          "left": 354,
          "top": 800
        },
        "hitzone": {
          "left": 310,
          "top": 800,
          "percent": 0.9055793991416309
        }
      }
    ]
  },
  "2": {
    "paths": [
      {
        "start": {
          "left": -112,
          "top": 525
        },
        "end": {
          "left": 456,
          "top": 656
        },
        "hitzone": {
          "left": 407,
          "top": 645,
          "percent": 0.9137323943661971
        }
      }
    ]
  },
  "3": {
    "paths": [
      {
        "start": {
          "left": -112,
          "top": 400
        },
        "end": {
          "left": 484,
          "top": 504
        },
        "hitzone": {
          "left": 441,
          "top": 497,
          "percent" : 0.9278523489932886
        }
      }
    ]
  },
  "4": {
    "paths": [
      {
        "start": {
          "left": 584,
          "top": -112
        },
        "end": {
          "left": 584,
          "top": 348
        },
        "hitzone": {
          "left": 584,
          "top": 280,
          "percent" : 0.8521739130434782
        }
      }
    ]
  },
  "5": {
    "paths": [
      {
        "start": {
          "left": 1280,
          "top": 400
        },
        "end": {
          "left": 684,
          "top": 504
        },
        "hitzone": {
          "left": 724.453125,
          "top": 497,
          "percent" : 0.9278523489932886
        }
      }
    ]
  },
  "6": {
    "paths": [
      {
        "start": {
          "left": 1280,
          "top": 525
        },
        "end": {
          "left": 710,
          "top": 656
        },
        "hitzone": {
          "left": 758,
          "top": 645,
          "percent": 0.9137323943661971
        }
      }
    ]
  },
  "7": {
    "paths": [
      {
        "start": {
          "left": 1280,
          "top": 800
        },
        "end": {
          "left": 814,
          "top": 800
        },
        "hitzone": {
          "left": 852,
          "top": 800,
          "percent": 0.9055793991416309
        }
      }
    ]
  }
}